,1st dose,2nd dose
1,31.068318613357604,3.336385890143177
2,24.258817373308972,2.396614259406604
3,18.693544336047964,1.8889739639548253
4,15.188648272171221,1.627598246922119
5,11.718585278128032,1.4370018632417896
