,1st dose,2nd dose
1,29.977183388514817,3.706623323852085
2,23.37404571143061,2.7490280777537777
3,17.978325657003523,2.2174733015872192
4,14.58681757176187,1.895564992208648
5,11.184037805198216,1.6920126835973832
