,First Dose,Second Dose
18-24,36.55,14.37
25-29,48.27,17.88
30-34,58.17,20.73
35-39,65.22,25.39
40-44,73.2,36.17
45-49,79.75,50.88
50-59,86.56235820338475,80.76655641992389
60-69,90.96089918097098,87.79707981344778
70-79,94.781846418296,93.23350279012293
80-89,95.4757495943321,93.29095517234674
90+,93.93,91.11
