,First Dose,Second Dose
18-24,43.53,14.76
25-29,51.86,18.16
30-34,59.42,21.65
35-39,66.0,26.77
40-44,73.58,39.53
45-49,80.02,55.07
50-59,86.6722746931757,81.48083238573837
60-69,91.00752322793075,88.03831366374291
70-79,94.79935519102516,93.30585728402987
80-89,95.49014070985851,93.36217383088092
90+,93.94,91.2
