,First Dose,Second Dose
18-24,60.31,18.71
25-29,78.88,26.87
30-34,88.85,49.42
35-39,94.05,87.34
40-44,99.79,95.36
45-49,100.0,99.6
50-59,101.10651910772954,99.20664015217015
60-69,99.76730457555625,96.91678562612027
70-79,53.79666669807924,17.144605496585644
80-89,63.91389346123252,26.194679659646013
90+,93.96,91.37
