,First Dose,Second Dose
18-24,59.06850161831747,17.614810871964522
25-29,59.2721956777906,22.353659065773407
30-34,63.03323270214726,29.163494322187304
35-39,67.98851314699368,42.00589126753062
40-44,74.9435694370471,60.351914348211544
45-49,80.96357720373693,72.04056967155528
50-59,87.1027586230985,83.20477520102125
60-69,91.20028516630495,88.77137170039873
70-79,94.87044687354663,93.58901361837385
80-89,95.54836504718102,93.6423640318631
90+,93.9817833648362,91.5870841002699
