,First Dose,Second Dose
18-24,56.635546631416865,16.239456545689464
25-29,57.882410859343715,20.4126844283616
30-34,62.115879896138914,25.272224533757488
35-39,67.83240351132149,33.96217330965236
40-44,74.56891104053011,54.45219444614927
45-49,80.7133202969533,68.67596523954411
50-59,86.9805461449432,82.7797740818544
60-69,91.14199914795368,88.57633345956826
70-79,94.84931240050986,93.51118704075937
80-89,95.53094670455994,93.56882494711911
90+,93.96973879891871,91.4850830272704
