,First Dose,Second Dose
18-24,64.66399083677736,42.089069906735276
25-29,62.95540954374973,47.045406046765734
30-34,65.63474277400452,54.522302362067464
35-39,70.32250152467319,61.95578005815855
40-44,76.08110594532411,70.40623814517164
45-49,81.77091766913213,77.39687901927003
50-59,87.52681596854603,84.54370228279711
60-69,91.41812238490836,89.40903168086855
70-79,94.98162735400476,93.88579082791654
80-89,95.64827343557177,93.9357126727921
90+,94.04448232288605,91.89082570549184
