,First Dose,Second Dose
18-24,64.4481472027212,39.98842392848324
25-29,62.799990970741405,45.705391830711235
30-34,65.51937376952648,53.717389504918756
35-39,70.242701861501,61.474792146310605
40-44,76.0325558530581,70.2124438918361
45-49,81.73821501983937,77.26940184435607
50-59,87.51042511610972,84.49375660237298
60-69,91.41216274833,89.38522204784024
70-79,94.98062765192559,93.87645444510831
80-89,95.64650799809797,93.9257150431259
90+,94.04549171000616,91.88322361489249
