,First Dose,Second Dose
18-24,55.90245726326221,16.034250177151804
25-29,57.47521993560179,20.086798367473456
30-34,61.88443846965889,24.75735744974051
35-39,67.66992538245734,32.77850769796438
40-44,74.4765036501787,53.002520953561415
45-49,80.6472441874661,67.5553584187426
50-59,86.9500007831014,82.66835174023201
60-69,91.12640459096714,88.52365466675457
70-79,94.8434743381793,93.4871361099826
80-89,95.526204790943,93.54728237380522
90+,93.96739978162533,91.4577330082342
