,First Dose,Second Dose
18-24,64.82582084115299,43.657085716819985
25-29,63.074464024180365,48.11500772500285
30-34,65.72033316960419,55.149435134458635
35-39,70.38413717044858,62.355737026936744
40-44,76.11560694200556,70.54431678412018
45-49,81.79238733435963,77.48583111997203
50-59,87.53760103897442,84.57810253615781
60-69,91.42156715836414,89.42519692242948
70-79,94.9818748903519,93.89359849569897
80-89,95.64846543406318,93.94208345775839
90+,94.04171077123304,91.8940560777677
