,First Dose,Second Dose
18-24,62.15428937990672,21.517611123920492
25-29,61.13199933191571,28.549214608627032
30-34,64.3249983407865,42.19869312783169
35-39,68.89030746554424,53.163458778855066
40-44,75.52317845515708,67.15830408457542
45-49,81.38388979799113,75.42451438661577
50-59,87.33268202949166,83.89456823431047
60-69,91.33702341349712,89.1189690446196
70-79,94.96102499449745,93.77061431049886
80-89,95.63012858380078,93.82091146554863
90+,94.05164677983181,91.78869084178463
