,First Dose,Second Dose
18-24,64.14291376702714,36.736251690830514
25-29,62.57408823977276,43.64991645053521
30-34,65.34799041587794,52.19654996761272
35-39,70.12612462059494,60.58763104685624
40-44,75.96139287868593,69.87089842871357
45-49,81.68773237540636,77.03955042518243
50-59,87.48635214023352,84.40421323405268
60-69,91.40270922246684,89.34557144871572
70-79,94.97800266596309,93.86024610852613
80-89,95.643649963806,93.90931042562045
90+,94.04239750711741,91.8703768340223
