,First Dose,Second Dose
18-24,63.701548543074495,37.42150678494639
25-29,62.640748254634445,44.26138830621848
30-34,65.39760467544815,52.637883756875695
35-39,70.16162348035225,60.84768941484568
40-44,75.98279677866464,69.97052099408751
45-49,81.70398551583614,77.10698541476641
50-59,87.49452919421724,84.43088998954154
60-69,91.40655856028648,89.35823876864217
70-79,94.9791736319084,93.86707048362251
80-89,95.64475995220162,93.91519504771749
90+,94.04423739726546,91.87697525954542
