,First Dose,Second Dose
18-24,54.95576828932472,15.816288284429215
25-29,56.980267943498056,19.763154028301454
30-34,61.598433315152015,24.20620401804419
35-39,67.00772628653006,31.271899254478043
40-44,74.36493154567214,51.342517193654025
45-49,80.56566914129819,66.06980942868638
50-59,86.91368728373989,82.54388817408787
60-69,91.1124451193699,88.47707079546079
70-79,94.83899560210304,93.47286401424651
80-89,95.52225159249468,93.53468821770593
90+,93.96788887385559,91.45131466197628
