,First Dose,Second Dose
18-24,59.32684568110811,17.836949099523537
25-29,59.41504646004719,22.659245107685212
30-34,63.13201566024663,30.008136477361884
35-39,68.54067030722322,43.4035841785417
40-44,74.9841405435097,60.89667682269818
45-49,80.99141899900572,72.29906474764387
50-59,87.11579390078181,83.25143657066725
60-69,91.2067603639798,88.79431847791182
70-79,94.87271277048397,93.59914311073523
80-89,95.55018282814154,93.65383496035466
90+,93.98459600652501,91.60234570195544
