,First Dose,Second Dose
18-24,56.25963849111596,16.114505847892854
25-29,57.67402488198391,20.205377393574906
30-34,61.99685379546215,24.93803249701435
35-39,67.74957357905357,33.238444918750915
40-44,74.52159685895629,53.71502073537182
45-49,80.68185229585659,68.1584864538157
50-59,86.96621903682781,82.72301826963448
60-69,91.13495055283039,88.54871374268545
70-79,94.84655524556615,93.4979464604979
80-89,95.52853158912569,93.55814803366975
90+,93.9696027421159,91.46947446199316
