,First Dose,Second Dose
18-24,62.868175070559694,24.440925937930274
25-29,61.08825582732486,33.54890798977019
30-34,64.69096504951499,46.12710019141835
35-39,69.66055788882053,56.58488929407547
40-44,75.68063796109617,68.35925784543376
45-49,81.49590558484171,76.1028799380275
50-59,87.38929757262684,84.08060242969641
60-69,91.36374727851664,89.20589864117872
70-79,94.96800225830701,93.80558121558029
80-89,95.63505596495834,93.85432102857253
90+,94.04913561580327,91.82562787414533
