,First Dose,Second Dose
18-24,64.32322565531082,38.59357498053298
25-29,62.70350118042812,44.81853418569461
30-34,65.44579549548587,53.07090429599859
35-39,70.19534924429419,61.09717467872778
40-44,76.00391573811373,70.06431270960758
45-49,81.71822772206812,77.17119767629015
50-59,87.50111609963189,84.45556599788934
60-69,91.40900869525167,89.37031626854505
70-79,94.9802314629082,93.87196614267167
80-89,95.64565969777463,93.92098793075249
90+,94.04528305064763,91.88113725556248
