,First Dose,Second Dose
18-24,45.86,14.91
25-29,53.37,18.48
30-34,59.8,21.95
35-39,66.24,27.25
40-44,73.71,41.3
45-49,80.11,56.8
50-59,86.71022836021007,81.70130453668675
60-69,91.02360681999687,88.1231001517276
70-79,94.8057543527827,93.33740630137689
80-89,95.49634309028336,93.39338209212956
90+,93.94,91.25
