,First Dose,Second Dose
18-24,59.565628854801744,18.043423003883667
25-29,59.5622442398488,22.937255756780385
30-34,63.23658506877939,30.819763311642756
35-39,68.61317379178037,44.45972985384519
40-44,75.02852163754314,61.48857862022412
45-49,81.02275959957343,72.59156360443903
50-59,87.13110744301696,83.29764528747987
60-69,91.21384546326038,88.81613459734955
70-79,94.87517177500638,93.60883773563852
80-89,95.55171081862338,93.6651200338553
90+,93.98655643466563,91.61543881690012
