,First Dose,Second Dose
18-24,63.25884300673915,27.50010403146139
25-29,61.95253339507385,37.263073938821805
30-34,64.89791336170356,48.13446898160972
35-39,69.80621220846052,58.13246608619629
40-44,75.76880650640094,68.91988826864315
45-49,81.55691134556541,76.43624478626333
50-59,87.42025658482004,84.18419055799447
60-69,91.37658728249666,89.25140914328347
70-79,94.97063077798941,93.82288040797748
80-89,95.63898121155555,93.8707930644333
90+,94.04809216828912,91.83801105249727
