,First Dose,Second Dose
18-24,61.53919672776905,20.304045300080478
25-29,60.71988965784642,26.078632920492662
30-34,64.05257464101119,39.109292479118004
35-39,69.20007290526368,51.235392095005395
40-44,75.40388597716607,66.03256860944532
45-49,81.3026404258982,74.8325638118958
50-59,87.29131129932395,83.75390244363498
60-69,91.31838056623968,89.05302120993504
70-79,94.9552955300384,93.74096971324745
80-89,95.6231492748552,93.79000656294772
90+,94.0464376616744,91.75278920772799
