,First Dose,Second Dose
18-24,38.61,14.48
25-29,49.41,18.0
30-34,58.51,20.95
35-39,65.44,25.74
40-44,73.29,36.95
45-49,79.82,51.92
50-59,86.58857163039913,80.96536256064797
60-69,90.97349105597412,87.87513114239758
70-79,94.78723421434674,93.25786153873482
80-89,95.47994100906995,93.31878442722434
90+,93.93,91.15
