,First Dose,Second Dose
18-24,52.09673395959514,15.43731086606805
25-29,55.799749602409236,19.15636314418164
30-34,60.95905044009731,23.179857283407483
35-39,67.02484416469993,29.368778495050552
40-44,74.1189004135428,47.703183214002145
45-49,80.39638012628363,62.814229320236294
50-59,86.83943992591472,82.26234839962909
60-69,91.0771051704291,88.35094286411002
70-79,94.82498386436208,93.4199514840344
80-89,95.51144122060468,93.47914933115595
90+,93.95520022900841,91.3651559608641
