,First Dose,Second Dose
18-24,61.69009692977355,20.551792166240816
25-29,60.81225293472215,26.471040208615577
30-34,64.11429094927348,39.827306638717914
35-39,69.2419963231826,51.71641648925499
40-44,75.4297110779763,66.29651590325797
45-49,81.32018204858626,74.9679696026032
50-59,87.30041099246824,83.78469460917789
60-69,91.32227455260676,89.06671230240724
70-79,94.95640062878886,93.74683967259615
80-89,95.62526119662881,93.7971459915024
90+,94.04769820227894,91.75899068310076
