,First Dose,Second Dose
18-24,53.49360143244031,15.600289763784348
25-29,56.34811370953923,19.40967180439939
30-34,61.255573349795114,23.627187068057484
35-39,66.76378362818538,30.039706693445428
40-44,74.22856621431868,49.41969249915182
45-49,80.47515581494336,64.42672337320491
50-59,86.8739776980788,82.39465206942526
60-69,91.09346350849937,88.40938933073615
70-79,94.83057180249467,93.44517465908356
80-89,95.51694479235418,93.50514588822656
90+,93.96222321825107,91.40556725548345
