,First Dose,Second Dose
18-24,64.57082011015967,41.26853338213305
25-29,62.88623391483522,46.49867474779981
30-34,65.5862820291724,54.211356443741124
35-39,70.2898835763136,61.764308109527185
40-44,76.06127687149919,70.34240041782982
45-49,81.75773390342053,77.35527749832328
50-59,87.5196224216505,84.52700307533253
60-69,91.41589356779954,89.40028179984071
70-79,94.98100933947985,93.88294753522432
80-89,95.64788858090797,93.93260117872691
90+,94.04533336143398,91.88720402120192
