,First Dose,Second Dose
18-24,30.71,13.98
25-29,44.4,17.47
30-34,57.09,20.14
35-39,64.6,24.49
40-44,72.91,34.16
45-49,79.56,47.83
50-59,86.48225836572516,79.8219525183407
60-69,90.92661903141658,87.53534824857088
70-79,94.76905118822455,93.16208837558858
80-89,95.4653427716281,93.22161709258484
90+,93.92,91.01
