,First Dose,Second Dose
18-24,58.56731236123878,17.268404280335073
25-29,58.994447286107146,21.879190796431832
30-34,62.84763378844972,27.968997104187572
35-39,68.34629267830825,40.33685649241121
40-44,74.86606925289495,59.176332269969464
45-49,80.91150345333898,71.48407933340218
50-59,87.07678635868484,83.11279225005865
60-69,91.18511751620446,88.72675321660154
70-79,94.8651140344779,93.56974719541631
80-89,95.54418380567328,93.62439804596877
90+,93.98207373623137,91.56423234514341
