,First Dose,Second Dose
18-24,63.86184148950934,33.83102362285447
25-29,61.78984744436421,41.4307250122357
30-34,65.20584268079494,50.99616315081317
35-39,70.02525670202576,59.900684686150875
40-44,75.90089147449044,69.59329031721144
45-49,81.64528461640612,76.86230518770574
50-59,87.46445250937091,84.3367186366998
60-69,91.39387471308027,89.31606472934588
70-79,94.97610154777098,93.8478694663462
80-89,95.64114370992742,93.8950760428699
90+,94.04096834264432,91.85923719188192
