,First Dose,Second Dose
18-24,62.503687257427906,22.669591494669145
25-29,61.39232420564355,30.964223645807326
30-34,63.94976961790256,43.835284983131004
35-39,69.52551254843945,55.09341276649996
40-44,75.59895958803831,67.82470564394193
45-49,81.43645691278655,75.79413248612548
50-59,87.36000531616239,83.98566273379798
60-69,91.34938409412854,89.15874120723134
70-79,94.96451302187283,93.78595002548151
80-89,95.6334981431658,93.83540631158034
90+,94.05092833774407,91.80249640542625
