,First Dose,Second Dose
18-24,58.349058026312115,17.156228562659354
25-29,58.86290408927686,21.735029723263683
30-34,62.75479670887957,27.614021889019934
35-39,68.28268793816872,39.501966929507844
40-44,74.82872178540566,58.53246284688445
45-49,80.88595481581929,71.16692251314845
50-59,87.06449354683915,83.06686060517293
60-69,91.17888142702508,88.70541000110563
70-79,94.86307716216105,93.56131543087615
80-89,95.54200337931535,93.61571550904355
90+,93.97931858443538,91.5531660692951
