,First Dose,Second Dose
18-24,44.3,14.72
25-29,52.86,18.4
30-34,59.6,21.79
35-39,66.12,26.97
40-44,73.64,40.31
45-49,80.06,56.01
50-59,86.6911778176976,81.59423004419143
60-69,91.01637517613335,88.07888187010748
70-79,94.80291405531423,93.32164028867608
80-89,95.49329858767189,93.37616863350692
90+,93.94,91.23
