,First Dose,Second Dose
18-24,61.40364173571338,20.132814182587985
25-29,60.64298750463448,25.820516135171506
30-34,63.99934762656076,38.44749413147637
35-39,69.16302545129808,50.84215287080153
40-44,75.38022813688214,65.73404669713143
45-49,81.28612229293634,74.68279847977152
50-59,87.28339073939799,83.72069081855356
60-69,91.31368092257954,89.03732565873472
70-79,94.95416536062044,93.73477992699623
80-89,95.62178509104531,93.78399814485368
90+,94.04671520733503,91.74331528616176
