,First Dose,Second Dose
18-24,61.27967473481747,19.96926358286835
25-29,60.56996021101092,25.577420646463338
30-34,63.40985952740227,37.44963157703695
35-39,69.12617742241642,50.407910267493364
40-44,75.35768272948381,65.44690355526701
45-49,81.27135822039735,74.54080138491723
50-59,87.2758856897362,83.69524631969273
60-69,91.31069312536917,89.02743527604436
70-79,94.95319161155822,93.731742726464
80-89,95.62060849173581,93.78216813793524
90+,94.04609289107391,91.74165577613209
