,First Dose,Second Dose
18-24,40.31,14.57
25-29,50.03,17.94
30-34,58.83,21.16
35-39,65.64,26.06
40-44,73.39,37.69
45-49,79.89,53.03
50-59,86.61515132155483,81.1686120027821
60-69,90.9838573918179,87.94159661903723
70-79,94.7915100089044,93.27984377053373
80-89,95.4848390786808,93.33938000568929
90+,93.94,91.18
