,First Dose,Second Dose
18-24,47.1,15.02
25-29,53.88,18.6
30-34,60.02,22.18
35-39,66.38,27.63
40-44,73.77,42.38
45-49,80.15,57.78
50-59,86.73137446296623,81.81315931151207
60-69,91.03297174774082,88.16993629005925
70-79,94.80972498140893,93.35591654321416
80-89,95.49883940527361,93.41297053841645
90+,93.95,91.28
