,First Dose,Second Dose
18-24,61.85431176960046,20.86690256162743
25-29,60.919473457437945,27.090892493186523
30-34,64.18406049183335,40.591913538915534
35-39,69.29343301401505,52.29143934133519
40-44,75.4617256406226,66.57737762941481
45-49,81.34055445546534,75.11608408520046
50-59,87.31131919861242,83.82282082629098
60-69,91.32691117148592,89.08425439962777
70-79,94.95771836543648,93.75492793533012
80-89,95.62720059498253,93.80580682749425
90+,94.04836908720034,91.76777348745236
