,First Dose,Second Dose
18-24,64.75002341083996,42.92221118132046
25-29,63.016684843970815,47.57901542308141
30-34,65.67719978456272,54.8355342473846
35-39,70.35181941427356,62.15630241852096
40-44,76.09788127305902,70.47103047844271
45-49,81.7809574560445,77.4388205485918
50-59,87.5325272867042,84.56035718019963
60-69,91.42009174337974,89.416387559469
70-79,94.98114289950861,93.8897038894365
80-89,95.64811624984296,93.93838978944248
90+,94.04268525692859,91.89089903368077
