,First Dose,Second Dose
18-24,59.950113421910444,18.398082311900723
25-29,59.79994406071996,23.430156214371003
30-34,63.39985920976168,32.34400182896909
35-39,68.72845052532021,46.21454994381264
40-44,75.09841785005588,62.596200358482356
45-49,81.07098542937501,73.12675533887976
50-59,87.15165864220873,83.38127936915477
60-69,91.22261537825786,88.84828519721786
70-79,94.8777784224579,93.61914271337503
80-89,95.55298642878098,93.6727912813882
90+,93.98518322419991,91.62202744123134
