,First Dose,Second Dose
18-24,63.685873517711514,31.727135492323903
25-29,61.6661986589264,40.02451420135324
30-34,64.54796653560531,49.633612161920944
35-39,69.96169070424043,59.35114584003686
40-44,75.86341886409171,69.37267685312813
45-49,81.61795083724857,76.71909991190535
50-59,87.45131120784312,84.2868812297372
60-69,91.38915405790618,89.2962081286204
70-79,94.97490316146882,93.84112205157192
80-89,95.64003029315705,93.89162247458755
90+,94.04380823722398,91.85968945741052
