,First Dose,Second Dose
18-24,25.68,13.46
25-29,39.27,16.87
30-34,55.38,19.34
35-39,63.7,23.33
40-44,72.55,32.11
45-49,79.32,44.78
50-59,86.38764869423751,78.07729079831772
60-69,90.88676373364008,87.14259866036662
70-79,94.75320126072972,93.07768984596014
80-89,95.45541068475731,93.1427582369818
90+,93.9,90.9
