,First Dose,Second Dose
18-24,63.46282608485059,29.46771646723153
25-29,61.50930457417475,38.432791967604054
30-34,64.99768707183294,49.03548273066083
35-39,69.87578326657274,58.699904669850234
40-44,75.81114990841094,69.13432012369967
45-49,81.58333341655174,76.56481399187723
50-59,87.4348087430247,84.2321833031906
60-69,91.38184413607631,89.27156506685911
70-79,94.97231129720934,93.83170839235493
80-89,95.64119321691746,93.88286203369364
90+,94.04860920520325,91.85090830621998
