,First Dose,Second Dose
18-24,42.02,14.58
25-29,51.22,18.08
30-34,59.21,21.47
35-39,65.88,26.53
40-44,73.51,38.84
45-49,79.97,54.3
50-59,86.65238547078768,81.38697797937954
60-69,90.99890670318246,88.00957356376432
70-79,94.79679855165269,93.29844627282323
80-89,95.48836483276811,93.35608320537972
90+,93.94,91.2
