,First Dose,Second Dose
18-24,60.31021216053628,18.65007083200539
25-29,59.977387402586224,23.67684518098502
30-34,63.52266336555784,33.046042644369884
35-39,68.82661573484073,46.89100691182816
40-44,75.17464418050645,63.11267233586742
45-49,81.14260847351841,73.40113274525629
50-59,87.20834927974408,83.46702627478759
60-69,91.27864556142256,88.92026733701756
70-79,94.94088473362044,93.68990372466006
80-89,95.61177154247123,93.74191846291392
90+,94.04561963778967,91.69555469144281
