,First Dose,Second Dose
18-24,61.081583650361004,19.5998899988878
25-29,60.43920847218378,25.017546387666194
30-34,63.85051038799576,36.58371613746688
35-39,69.0607037274203,49.55019468491035
40-44,75.31627691763548,64.87948990641664
45-49,81.24072000051974,74.25209013949923
50-59,87.26128638673914,83.63746199119252
60-69,91.30438622861688,89.00414531994608
70-79,94.95059187823665,93.72384192636669
80-89,95.6187338696906,93.77816006139741
90+,94.04505569730537,91.73750700105793
