,First Dose,Second Dose
18-24,59.81352026678852,18.284366627947787
25-29,59.714462689876854,23.275339324377548
30-34,63.3422711168808,31.77840578771264
35-39,68.19657438124068,45.28391487760746
40-44,75.07274939768321,62.202207335601635
45-49,81.0536114361332,72.9397440323073
50-59,87.14372990280125,83.35290491343204
60-69,91.21938540050982,88.83729740761875
70-79,94.87653731980538,93.61552873935935
80-89,95.55205085704799,93.66998719708236
90+,93.98541015334226,91.62014292094686
