,First Dose,Second Dose
18-24,50.78,15.34
25-29,55.31,19.02
30-34,60.72,22.94
35-39,66.87,28.94
40-44,74.03,45.97
45-49,80.34,61.19
50-59,86.81270293303307,82.15070211937284
60-69,91.06557167602907,88.3056709709393
70-79,94.82077763356888,93.40393354417407
80-89,95.50847307217965,93.46270242238049
90+,93.95,91.35
