,First Dose,Second Dose
18-24,64.48908735520622,40.425950337021675
25-29,62.82961481979116,45.9676750691641
30-34,65.54132578286452,53.88275399327013
35-39,70.25941557960837,61.56935055831509
40-44,76.04167800114664,70.25273895441326
45-49,81.74399797990584,77.29410185406516
50-59,87.51278794997882,84.50247263781806
60-69,91.41279511965989,89.3884369529673
70-79,94.98039868563039,93.87723233815852
80-89,95.64681785928954,93.92654316829066
90+,94.04473142389905,91.8823402968467
