,First Dose,Second Dose
18-24,24.7,13.28
25-29,37.72,16.68
30-34,54.4,18.93
35-39,63.46,22.99
40-44,72.46,31.49
45-49,79.26,43.85
50-59,86.3637942190582,77.3804910035893
60-69,90.87611575452328,86.9873807579748
70-79,94.74790327133455,93.0438061786786
80-89,95.45181306501178,93.10802699153633
90+,93.9,90.85
