,First Dose,Second Dose
18-24,62.31075557760519,22.106438371747515
25-29,60.68578467128292,29.3368179828059
30-34,64.40610794631164,43.14658029438376
35-39,69.4585871644117,54.309055571297016
40-44,75.55953253802294,67.48367263327034
45-49,81.41103555839982,75.60759816815066
50-59,87.34668031060014,83.93902365617288
60-69,91.34413949589958,89.13880663448414
70-79,94.96364382663215,93.77703853210193
80-89,95.63156619913673,93.82613915767939
90+,94.05185498260465,91.79285489724151
