,First Dose,Second Dose
18-24,62.01663671631499,21.210880920902913
25-29,60.47206381574789,27.570836532031844
30-34,63.709061667088086,41.03916318130381
35-39,69.34530971974043,52.92346733079805
40-44,75.49285023576653,66.87005076166717
45-49,81.3616152562303,75.27387714305914
50-59,87.32210789815288,83.85981104302928
60-69,91.33198728143415,89.10291019448982
70-79,94.9594826761359,93.76363549195793
80-89,95.62865853658536,93.81398083623694
90+,94.05013327118866,91.77796874317258
