,First Dose,Second Dose
18-24,58.79951766368778,17.41879848337709
25-29,59.12794909085839,22.091512586843134
30-34,62.935474847930415,28.46717694330306
35-39,67.92125955231732,40.97250345412496
40-44,74.90150080503741,59.76136659253518
45-49,80.93514027104065,71.76448967345101
50-59,87.08752047424736,83.1561397809793
60-69,91.19012810828961,88.74562453481232
70-79,94.86672822817451,93.57896900440733
80-89,95.54524867625632,93.63205048721062
90+,93.98187283770912,91.5739209678816
