,First Dose,Second Dose
18-24,63.94489223071728,34.73561794822048
25-29,62.43493450328742,42.42868830509009
30-34,65.24671797288232,51.366086184628145
35-39,70.05416944169521,60.10924104406524
40-44,75.91981246189725,69.68525919546347
45-49,81.65954440844487,76.92193638891524
50-59,87.47121964440471,84.35868684433714
60-69,91.3969408828634,89.32596170575017
70-79,94.97697600986072,93.85225854572282
80-89,95.6425301015326,93.8994372892019
90+,94.04166780392659,91.86337764097999
