,First Dose,Second Dose
18-24,52.8101154087384,15.509258594696353
25-29,55.59486545200125,19.08618362226775
30-34,61.10037323661515,23.354068700841363
35-39,67.12380347653686,29.711391269694143
40-44,74.17164922619142,48.55173468310436
45-49,80.43485822837965,63.620363421237755
50-59,86.85660923002771,82.32495481383299
60-69,91.08493483936886,88.37747142114938
70-79,94.82769310370524,93.4317405622949
80-89,95.51372231149169,93.48859725125104
90+,93.95697345462207,91.38016736863854
