,First Dose,Second Dose
18-24,59.34,18.58
25-29,78.72,26.62
30-34,88.8,47.73
35-39,94.02,86.99
40-44,99.78,95.19
45-49,100.0,99.53
50-59,101.1018502507349,99.18537091475012
60-69,99.7649432751237,96.90798441541715
70-79,53.33674413113205,17.082431871212695
80-89,63.81171583373996,26.034014255193554
90+,93.95,91.35
