,First Dose,Second Dose
18-24,64.3993152675016,39.483275791831005
25-29,62.763020968367755,45.38211350132583
30-34,65.48991913091403,53.4842652103665
35-39,70.22458550996495,61.34043675101515
40-44,76.02019793629361,70.16200327314512
45-49,81.72934430209628,77.2368558619411
50-59,87.50633088537093,84.48115137942607
60-69,91.41036924872633,89.38035300241329
70-79,94.98024042820742,93.87517070516142
80-89,95.64636395805931,93.92427808646822
90+,94.0458935162557,91.88331114219743
