,First Dose,Second Dose
18-24,63.58448017575632,30.655314471333245
25-29,62.17856456258999,39.63489540192816
30-34,65.06321583625238,49.56491587688387
35-39,69.9228558101865,59.028696683182446
40-44,75.84220128434063,69.25591479024212
45-49,81.60287569279177,76.6412121886915
50-59,87.443679075655,84.26002655380756
60-69,91.38601106759569,89.2838682292683
70-79,94.97379629878921,93.83669999965588
80-89,95.6397269420099,93.88676206724443
90+,94.04543024560006,91.85421230830512
