,First Dose,Second Dose
18-24,27.16,13.64
25-29,40.69,16.93
30-34,56.01,19.6
35-39,64.02,23.68
40-44,72.67,32.78
45-49,79.4,45.75
50-59,86.42109905925072,78.67298189616527
60-69,90.90023548683052,87.28267001177434
70-79,94.75913834287051,93.11020980437779
80-89,95.45895292352165,93.17502447852539
90+,93.91,90.95
