,First Dose,Second Dose
18-24,60.42488122654698,19.200657202439512
25-29,60.324720980789905,24.650176494410637
30-34,63.23882186411285,35.315924203003576
35-39,69.00287752891374,48.873266892468145
40-44,75.27843938754117,64.40925496158869
45-49,81.21350564242815,74.02116529048297
50-59,87.24592011578888,83.5892986801561
60-69,91.29667214705441,88.98249640704434
70-79,94.9482657374559,93.7159978258021
80-89,95.61681815334721,93.76883434131132
90+,94.04533374241777,91.72723465829702
