,First Dose,Second Dose
18-24,62.74216083983757,23.661792634253263
25-29,61.56522713269479,32.78433876659385
30-34,64.62379187260035,45.44204882704131
35-39,69.09844619450371,55.60092755231706
40-44,75.6516080866942,68.1825224029239
45-49,81.47467470227348,76.00089206823472
50-59,87.37855207091809,84.04617413819234
60-69,91.35846478141899,89.18984739803139
70-79,94.96704211034094,93.79906856730305
80-89,95.63516580300715,93.8484915207311
90+,94.04931840758643,91.817760637099
