,First Dose,Second Dose
18-24,63.088428535730465,26.106470735227465
25-29,61.82793110436571,35.86458243526339
30-34,64.8107918445875,47.34709440975332
35-39,69.22877353692462,57.142294637003566
40-44,75.7305200894991,68.7087370534272
45-49,81.53159226787959,76.31206640658552
50-59,87.40725146317088,84.14421460858593
60-69,91.37174618457273,89.23413527392398
70-79,94.96944049801868,93.81623417888035
80-89,95.63707630011854,93.8646821762787
90+,94.0458168496943,91.83359400483427
