,First Dose,Second Dose
18-24,49.5,15.22
25-29,54.86,18.87
30-34,60.5,22.67
35-39,66.71,28.43
40-44,73.57,44.42
45-49,80.28,59.98
50-59,86.7883049206647,82.04591460255585
60-69,91.05616549764312,88.26801754765636
70-79,94.81792431436511,93.39339418172815
80-89,95.5066878985027,93.45246880690384
90+,93.95,91.33
