,First Dose,Second Dose
18-24,63.15829077551132,26.733444253496913
25-29,61.883026602084755,36.5079190918286
30-34,64.84887363184455,47.72723409693399
35-39,69.77071804748638,57.86308653921456
40-44,75.74671665389235,68.80054617763987
45-49,81.5416886600193,76.36672977115094
50-59,87.41244431776381,84.16064264955965
60-69,91.37425466209824,89.24112369241524
70-79,94.96972309585394,93.81833047969465
80-89,95.63739369354157,93.86676475375036
90+,94.04599311881032,91.83480961693317
