,First Dose,Second Dose
18-24,60.49050766493265,18.870021548064646
25-29,60.08491114605341,23.967959888770576
30-34,63.59914295705891,33.73919995726982
35-39,68.88075312648664,47.50569061448001
40-44,75.20590603623519,63.5401468609401
45-49,81.16349970682315,73.60825973919506
50-59,87.21852399415376,83.50487655114138
60-69,91.28336145311641,88.93978507411273
70-79,94.9424229956217,93.69925303048836
80-89,95.61336922667584,93.75083690266888
90+,94.04507337309218,91.70384140068187
