,First Dose,Second Dose
18-24,48.43,15.14
25-29,54.43,18.76
30-34,60.29,22.46
35-39,66.57,28.07
40-44,73.87,43.54
45-49,80.22,58.87
50-59,86.76146006401405,81.93307328882705
60-69,91.04362370692198,88.21942868752205
70-79,94.81363154225039,93.37450152623987
80-89,95.50266805547201,93.43287496121572
90+,93.95,91.31
