,First Dose,Second Dose
18-24,62.61816596945583,23.060212660238218
25-29,61.47526527699936,31.818360074856393
30-34,64.00963126744372,44.40776507992398
35-39,69.56820611765725,55.53140261803383
40-44,75.62525374624481,68.00510724463233
45-49,81.45530824693321,75.89764504992446
50-59,87.36960269269477,84.01574831586196
60-69,91.35454449669176,89.17512049025132
70-79,94.96625630639335,93.79267785622586
80-89,95.63473624470062,93.84172851280701
90+,94.05065772461482,91.80909720310636
