,First Dose,Second Dose
18-24,63.35648377268633,28.374445516992175
25-29,62.01816401794328,37.96101544234804
30-34,64.94561505728878,48.531750269663966
35-39,69.83921195097965,58.39031891723777
40-44,75.78907044238571,69.02201413789273
45-49,81.57042371499699,76.49769815365433
50-59,87.42830903261954,84.2074829788681
60-69,91.37995324170744,89.26023030872398
70-79,94.9713057202756,93.82588237389555
80-89,95.64073668001663,93.87550498790124
90+,94.04864834311338,91.8406524965824
