,First Dose,Second Dose
18-24,63.79520236213835,33.07756917859039
25-29,62.330452985278164,41.31464422171424
30-34,65.17158236710705,50.65762527596354
35-39,70.00085355892055,59.70764059066277
40-44,75.88725902428119,69.52199688198878
45-49,81.63544472021813,76.81489966683333
50-59,87.46011031847597,84.3204952596947
60-69,91.3922929720501,89.3095209102157
70-79,94.97563963052006,93.8459218018474
80-89,95.64021770516668,93.89341288538851
90+,94.04131972940468,91.85800252292567
