,First Dose,Second Dose
18-24,32.02,14.06
25-29,45.42,17.55
30-34,57.38,20.26
35-39,64.76,24.68
40-44,72.97,34.46
45-49,79.6,48.36
50-59,86.49834272514025,80.05351889249938
60-69,90.93314248477814,87.58428035934591
70-79,94.77138455241794,93.1705981147939
80-89,95.46712036064005,93.22793500566038
90+,93.92,91.02
