,First Dose,Second Dose
18-24,57.01848903377805,16.41544139420665
25-29,58.087813154457194,20.69074206073498
30-34,62.235980626837026,25.68563788950894
35-39,67.91865929996845,34.936934514738056
40-44,74.61762818996893,55.271975813053245
45-49,80.7449344308629,69.20304046702535
50-59,86.99701911823963,82.83932451014819
60-69,91.14906440433732,88.60507951569463
70-79,94.85229729899012,93.52371450381001
80-89,95.53242992733686,93.58150323715904
90+,93.97002174779952,91.50561372783595
