,First Dose,Second Dose
18-24,64.913534060419,44.54212951215727
25-29,63.14177602318011,48.74544206727081
30-34,65.77020868414219,55.512516022016136
35-39,70.41837252471556,62.58785725820187
40-44,76.13671880759858,70.63585089325922
45-49,81.80635550126361,77.54343654264802
50-59,87.5439891474687,84.60135295692375
60-69,91.42396378929118,89.43443165711376
70-79,94.98250074707374,93.89761797434119
80-89,95.64814470125803,93.94356913711364
90+,94.04031199189785,91.89616057137904
