,First Dose,Second Dose
18-24,62.97653520005094,25.105007616960496
25-29,61.744568075668404,34.80407352887156
30-34,64.75098085349629,46.7142955789654
35-39,69.70233750452746,57.07892360667831
40-44,75.70570079215858,68.51544815727766
45-49,81.51320791938281,76.1950554424219
50-59,87.39829554571415,84.10951899403997
60-69,91.36877181952156,89.21958492966569
70-79,94.96904131278757,93.81156120179122
80-89,95.63610841877795,93.8608988021032
90+,94.04770114582223,91.83066155926282
