,First Dose,Second Dose
18-24,62.39306371794289,22.37497211226153
25-29,60.74421178915082,29.928106746198612
30-34,63.896489659407216,43.25796002316969
35-39,69.48619552632039,54.68998839491466
40-44,75.5746475217569,67.62328264309774
45-49,81.42007917775031,75.68511233499432
50-59,87.35156372360122,83.95603104441619
60-69,91.34504960591136,89.14447488048636
70-79,94.96326465873236,93.77892518679228
80-89,95.63206400705535,93.82853223773277
90+,94.0498164590981,91.79461752242699
