,First Dose,Second Dose
18-24,34.65,14.26
25-29,47.19,17.76
30-34,57.87,20.56
35-39,65.04,25.09
40-44,73.11,35.39
45-49,79.7,49.97
50-59,86.5377838810683,80.54191577820752
60-69,90.95007406839531,87.72155646636573
70-79,94.77728084369222,93.20978895786402
80-89,95.4718018044875,93.26736839740374
90+,93.93,91.08
