,First Dose,Second Dose
18-24,55.630218010587676,15.971741230453999
25-29,57.32615475354497,19.993304437882554
30-34,61.79521181602075,24.612537579887885
35-39,67.60862550966924,32.408039847735
40-44,74.44052777290518,52.44393268112625
45-49,80.6204699958645,67.0199312051065
50-59,86.93829905328936,82.6299035940403
60-69,91.12117538079988,88.50934072286405
70-79,94.8419449062158,93.4828321051865
80-89,95.52463302736388,93.54338825063373
90+,93.9667766451634,91.45450665616126
