,First Dose,Second Dose
18-24,64.04466357110398,35.74171451045957
25-29,62.505382619524354,43.03755787783976
30-34,65.29809003878216,51.77442809678031
35-39,70.09092722151935,60.34700661413507
40-44,75.94206537723619,69.78186703011275
45-49,81.31439010103024,76.63391082614257
50-59,87.47915999479609,84.38496455529267
60-69,91.40051011957998,89.33788560639401
70-79,94.97839640347043,93.85762947427503
80-89,95.64364449055455,93.9037506069067
90+,94.04298865501278,91.86707936447898
