,First Dose,Second Dose
18-24,54.27727050578105,15.707838109511455
25-29,56.65622804389766,19.573939192711943
30-34,61.42232529589179,23.91048920270053
35-39,67.34774508102225,30.861677320031095
40-44,74.29393646210752,50.3726967168182
45-49,80.5183409027616,65.1899296369702
50-59,86.89322991124492,82.46788602942728
60-69,91.10303277310368,88.44422629286618
70-79,94.83477430111968,93.45984764555524
80-89,95.52007915476985,93.52093602941271
90+,93.96495223738755,91.43324703839033
