,First Dose,Second Dose
18-24,60.687426073383975,19.08865249307986
25-29,60.19679478686927,24.27213548391443
30-34,63.679206207099845,34.62991331977321
35-39,68.9353274702058,48.176767623058325
40-44,75.23644874985159,63.96575327529433
45-49,81.1852513868187,73.80774579105898
50-59,87.22955962952321,83.54398659204853
60-69,91.28784007328586,88.95921896549332
70-79,94.94449531999938,93.70655119207525
80-89,95.61486591677821,93.75884415244427
90+,94.04480020550173,91.71509008309148
