,First Dose,Second Dose
18-24,28.55,13.79
25-29,42.61,17.25
30-34,56.53,19.84
35-39,64.29,24.04
40-44,72.38,33.19
45-49,79.47,46.68
50-59,86.44780878876611,79.22457765979021
60-69,90.91214836979121,87.40726730300474
70-79,94.76418585024288,93.13917780320094
80-89,95.46244962343613,93.20431866358582
90+,93.92,90.99
