State,0
Andhra Pradesh,7.133791776231191
Bihar,2.3384943940202962
Gujarat,-1.341590330657716
Karnataka,4.6153346937892525
Madhya Pradesh,-1.3353686114880081
Maharashtra,-3.3882914614025372
Rajasthan,0.7352208154720374
Tamil Nadu,4.139824529112213
Uttar Pradesh,-3.217736020554629
West Bengal,1.0218929823401002
