State,0
Andhra Pradesh,1.1204555294611396
Bihar,-7.379959258899982
Gujarat,-9.217819093711576
Karnataka,-2.2057944062257695
Madhya Pradesh,-7.584586101076029
Maharashtra,-5.0280585384321
Rajasthan,-7.229782055537115
Tamil Nadu,2.001408070279531
Uttar Pradesh,-11.721885106705187
West Bengal,-0.9854730773930509
