State,0
Andhra Pradesh,0.4544695303582813
Bihar,-0.867439557719274
Gujarat,-2.1659889872478133
Karnataka,2.081756365145071
Madhya Pradesh,-0.9103943487940858
Maharashtra,-1.7002886229792624
Rajasthan,0.2728057460219091
Tamil Nadu,4.967272866057293
Uttar Pradesh,-1.7600754885649605
West Bengal,1.5280027955144826
