State,0
Andhra Pradesh,5.834165679465442
Bihar,1.5254590984974836
Gujarat,-1.2167483054299377
Karnataka,3.813426431715028
Madhya Pradesh,-0.5030999667656078
Maharashtra,-1.3732477102444962
Rajasthan,0.16658832067426577
Tamil Nadu,4.893585683776425
Uttar Pradesh,0.6323052174479038
West Bengal,0.732477821062627
