State,0
Andhra Pradesh,7.334786956735551
Bihar,6.332792551315514
Gujarat,5.49233291542095
Karnataka,7.942173479561321
Madhya Pradesh,1.869148285008282
Maharashtra,0.008076980169913206
Rajasthan,7.172252285025693
Tamil Nadu,6.863663033843936
Uttar Pradesh,4.830412019121333
West Bengal,9.384868186039874
