State,0
Andhra Pradesh,-2.7956039023432466
Bihar,-1.313994628927062
Gujarat,-1.4211318134475293
Karnataka,-1.543699043345681
Madhya Pradesh,-2.8143174051202147
Maharashtra,-3.0012970031845
Rajasthan,-0.6590309231320646
Tamil Nadu,4.635367635592869
Uttar Pradesh,-4.089328824114158
West Bengal,1.498081161475251
