State,0
Andhra Pradesh,-1.2165972688915505
Bihar,-2.367054759600884
Gujarat,-2.1448631998550294
Karnataka,3.1636654711525214
Madhya Pradesh,-1.8951603416229479
Maharashtra,-2.1275497830136603
Rajasthan,-0.3061729999269125
Tamil Nadu,4.926129270746227
Uttar Pradesh,-3.883504961806983
West Bengal,1.5065707133917305
