State,0
Andhra Pradesh,-5.316341951558224
Bihar,-13.556253017865739
Gujarat,-7.019394627931508
Karnataka,-4.984772435455287
Madhya Pradesh,-11.979166666666686
Maharashtra,-5.095803859625003
Rajasthan,-10.518422677683992
Tamil Nadu,-2.0937834523433674
Uttar Pradesh,-16.720277124829952
West Bengal,-6.310443478906091
