State,0
Andhra Pradesh,-8.337178250353027
Bihar,-9.420098390769882
Gujarat,-12.46720020991865
Karnataka,-8.861207167557373
Madhya Pradesh,-14.137726913969995
Maharashtra,-12.930748822113324
Rajasthan,-11.988579442997393
Tamil Nadu,-12.084562112727381
Uttar Pradesh,-12.00442543775665
West Bengal,-10.02820656248884
