State,0
Andhra Pradesh,5.23966990518554
Bihar,2.093482148362824
Gujarat,-1.8840794231460456
Karnataka,4.6589913154330365
Madhya Pradesh,-0.3927666436304933
Maharashtra,-0.973847347893142
Rajasthan,0.2165339744276018
Tamil Nadu,4.9152244883631235
Uttar Pradesh,-3.918760337451377
West Bengal,0.8352087615673964
