State,0
Andhra Pradesh,3.4848736282368398
Bihar,-7.81859600429422
Gujarat,-2.6064171527191538
Karnataka,-2.3466405705399485
Madhya Pradesh,-5.084602962858964
Maharashtra,-4.317483065691652
Rajasthan,-3.3138024664374655
Tamil Nadu,2.6868331806817247
Uttar Pradesh,-7.81354795439303
West Bengal,1.1735906112751104
