State,0
Andhra Pradesh,10.248160934082806
Bihar,9.957186734092405
Gujarat,6.256084439206844
Karnataka,8.748292337383546
Madhya Pradesh,2.970458816251731
Maharashtra,0.6828796553732586
Rajasthan,10.058179543321867
Tamil Nadu,7.123943511287023
Uttar Pradesh,4.393906988902341
West Bengal,9.319108389696806
