State,0
Andhra Pradesh,9.243787325686181
Bihar,-11.529174516411489
Gujarat,4.520729533299805
Karnataka,9.690330605484032
Madhya Pradesh,1.5054912040591617
Maharashtra,-14.980715038777282
Rajasthan,5.883975263330954
Tamil Nadu,5.766287777011958
Uttar Pradesh,2.0607139755059567
West Bengal,9.757945475683517
