State,0
Andhra Pradesh,-0.5413733028090895
Bihar,-5.60470646575526
Gujarat,-2.3315127162484073
Karnataka,-3.138469367806629
Madhya Pradesh,-4.262658147290177
Maharashtra,-3.0415066647620614
Rajasthan,-0.35604239465358845
Tamil Nadu,3.7232383982411577
Uttar Pradesh,-7.393138977229718
West Bengal,1.6951425782559815
