State,0
Andhra Pradesh,-5.287079740659051
Bihar,-13.58231140839835
Gujarat,-11.815725863784998
Karnataka,-4.352066677503719
Madhya Pradesh,-11.065453478133247
Maharashtra,-4.824508888303535
Rajasthan,-15.155279503105612
Tamil Nadu,-4.409954403553195
Uttar Pradesh,-14.712954613766149
West Bengal,-5.534428457547602
