State,0
Andhra Pradesh,-4.374376615710284
Bihar,-6.519797558797258
Gujarat,-10.264016612281225
Karnataka,-6.051472681301373
Madhya Pradesh,-12.484022155943752
Maharashtra,-1.227010934587247
Rajasthan,-9.128946367440093
Tamil Nadu,-6.634554124756232
Uttar Pradesh,-12.781515062883898
West Bengal,-7.180207856722642
