State,0
Andhra Pradesh,-3.8304343039577193
Bihar,-8.166299413279521
Gujarat,-11.012245125658971
Karnataka,-6.0024746886317875
Madhya Pradesh,-9.058355840135956
Maharashtra,-2.230881878428348
Rajasthan,-12.74191545598069
Tamil Nadu,0.7340411587363871
Uttar Pradesh,-10.84862476615056
West Bengal,-0.8379470297770419
