State,0
Andhra Pradesh,8.156142900719532
Bihar,-0.41895283058993593
Gujarat,-1.542066978461798
Karnataka,5.594219230652087
Madhya Pradesh,-0.7006197790352942
Maharashtra,-0.018484980368482784
Rajasthan,0.7179075254781786
Tamil Nadu,4.210223458329332
Uttar Pradesh,-1.984245995342615
West Bengal,1.263364115100929
