State,0
Andhra Pradesh,-4.05259087393659
Bihar,-5.916666666666681
Gujarat,-12.33655486071632
Karnataka,-3.384920332393071
Madhya Pradesh,-17.189189189189214
Maharashtra,1.320846116583274
Rajasthan,-2.7027027027027195
Tamil Nadu,-7.740694613044097
Uttar Pradesh,-4.418453541260581
West Bengal,-7.527910685805428
