State,0
Andhra Pradesh,-3.5849807615762397
Bihar,-7.130353312458382
Gujarat,-10.966796632478227
Karnataka,-2.4458796267742833
Madhya Pradesh,-10.17064660342385
Maharashtra,-3.6894847056348823
Rajasthan,-6.266835156795592
Tamil Nadu,0.9519241107242449
Uttar Pradesh,-10.332643300735278
West Bengal,-0.5172862937739553
