State,0
Andhra Pradesh,3.243594331994548
Bihar,2.5646533720000475
Gujarat,2.2732810033792017
Karnataka,5.224498295114377
Madhya Pradesh,0.7581334534626949
Maharashtra,0.9565285712682448
Rajasthan,3.728030223125667
Tamil Nadu,5.083963056255247
Uttar Pradesh,1.3925814974307782
West Bengal,7.188636189935482
