State,0
Andhra Pradesh,-0.1153979840111008
Bihar,-2.4028830570068105
Gujarat,-2.73814655172413
Karnataka,0.15384224983978623
Madhya Pradesh,-0.8001942668162454
Maharashtra,-2.2066902622382423
Rajasthan,0.8839815316869615
Tamil Nadu,5.201557857544348
Uttar Pradesh,-3.1779538766325
West Bengal,1.4543432894747355
