State,0
Andhra Pradesh,5.4779581393398
Bihar,5.427848865738127
Gujarat,3.211099448963517
Karnataka,7.836147662460147
Madhya Pradesh,-0.23129878102253754
Maharashtra,-2.243635461904936
Rajasthan,4.4790623121618856
Tamil Nadu,5.23874217170881
Uttar Pradesh,2.2722920788919243
West Bengal,9.004677290741835
