State,0
Andhra Pradesh,4.868362284376104
Bihar,1.8370955519324106
Gujarat,1.2454899402735364
Karnataka,4.24087859571729
Madhya Pradesh,0.4137749852223038
Maharashtra,-0.19166589985342153
Rajasthan,2.542434419533457
Tamil Nadu,4.990105415382273
Uttar Pradesh,0.35367005496447224
West Bengal,5.215304600558324
