State,0
Andhra Pradesh,6.4323042567396405
Bihar,3.5864883757638744
Gujarat,0.8063541918337691
Karnataka,9.404493738125353
Madhya Pradesh,-1.2972572275759764
Maharashtra,-0.8807927809621141
Rajasthan,1.555266395800703
Tamil Nadu,4.454795066740358
Uttar Pradesh,-0.9258376280645297
West Bengal,4.120816712251596
