State,0
Andhra Pradesh,1.3757788882719613
Bihar,-6.736319022192038
Gujarat,-3.858702219357968
Karnataka,-5.744300010858783
Madhya Pradesh,-6.206050309122668
Maharashtra,-4.819641794535768
Rajasthan,-6.900075049957943
Tamil Nadu,2.004932771103496
Uttar Pradesh,-9.835047545119357
West Bengal,-0.23044916248800007
