State,0
Andhra Pradesh,8.342886807553374
Bihar,1.556462585034013
Gujarat,-0.24965796858302802
Karnataka,4.65462984974796
Madhya Pradesh,-0.5953038368933683
Maharashtra,-0.879772048748173
Rajasthan,2.0021267694024125
Tamil Nadu,4.117325560211316
Uttar Pradesh,-3.2491609263707644
West Bengal,2.8197161956957872
