,First dose,Second dose
Wales,93.8636669916843,87.29470379795
Scotland,93.47710874131567,85.44052981661825
England,91.82919167538738,83.41045387098997
Northern Ireland,89.40054867229838,82.41819125345329
United Kingdom,91.99837041189247,83.7400250710828
