,First dose,Second dose
Wales,90.61467969908124,78.21018335751148
Scotland,90.09379049546948,69.11018556481552
England,88.21083146517937,69.83045560922092
Northern Ireland,82.1669114539816,69.28777215095784
United Kingdom,88.31776352986144,70.15622277742938
