,First dose,Second dose
Scotland,94.30507124496351,86.37261627851908
Wales,93.96620609289162,87.93372018359533
England,92.34215506253666,84.74471444157025
Northern Ireland,90.19058998101809,82.93692470966205
United Kingdom,92.52583555736722,84.98463352483596
