,First dose,Second dose
Wales,92.24079843357353,85.48173955781748
Scotland,91.91312945154165,79.87365300764208
England,90.16635032926644,78.29786568779306
Northern Ireland,86.7450766090235,78.52393937350047
United Kingdom,90.31838498166618,78.78084574438124
