,First dose,Second dose
Scotland,94.42067432272067,86.48835467006214
Wales,94.17358320055173,88.07985921187186
England,92.45346600519305,84.87633562117573
Northern Ireland,90.28811489908202,83.06610909301138
United Kingdom,92.64172889585534,85.11554581984431
