,First dose,Second dose
Wales,88.2105400841875,57.63371304906181
Scotland,80.55062787851888,56.74306934064749
England,79.72899637404662,58.5642135477504
Northern Ireland,77.68062757319186,53.86025236723327
United Kingdom,80.14790682050285,58.236581997607786
