,First dose,Second dose
Wales,93.83504958500797,87.25490895542501
Scotland,93.42927531799867,85.36527279935807
England,91.79414917423976,83.28663372010365
Northern Ireland,89.32663070334942,82.31460974203043
United Kingdom,91.96148654294092,83.62487594078024
