,First dose,Second dose
Wales,87.91739002909304,55.923803182001954
Scotland,79.64255961361599,55.708257162948016
England,78.99472369865546,57.759191664317285
Northern Ireland,76.79120307344583,52.473774262506524
United Kingdom,79.41585276964955,57.352834777258586
