,First dose,Second dose
Wales,89.72765900100677,68.32600061832625
Scotland,86.99738258033467,62.29296426949274
England,85.80789321776575,63.79681964281409
Northern Ireland,80.63892930441402,61.27723918450724
United Kingdom,85.95319200098463,63.8176592742683
