,First dose,Second dose
Wales,92.24079843357353,85.48173955781748
Scotland,92.00200805658282,80.21732747154012
England,90.30458419669726,78.6910528978201
Northern Ireland,87.03014944644113,78.71547913847714
United Kingdom,90.44989340261913,79.14546978549889
