,First dose,Second dose
Scotland,95.51067197277125,86.93565694166487
Wales,94.64141041800438,88.29072431369751
England,92.92352486398863,85.35461572048939
Northern Ireland,90.48956545319147,83.64368785969626
United Kingdom,93.15645896860377,85.58114865989464
