,First dose,Second dose
Wales,90.14962702244208,72.63549668244191
Scotland,88.7299402950472,65.249908775956
England,87.04529948709535,65.97843956517296
Northern Ireland,81.6049559451658,64.83404245947244
United Kingdom,87.18573744756678,66.20440137250975
