,First dose,Second dose
Wales,90.64864800589788,78.67991311723624
Scotland,90.14390170084918,69.44962019675526
England,88.29884550422965,70.23233397403584
Northern Ireland,82.26443637204551,69.43787931136534
United Kingdom,88.40026052602266,70.54914951148143
