,First dose,Second dose
Wales,82.03480859632016,38.434604073025916
England,70.83695097662304,41.40689350226721
Northern Ireland,69.6395363402484,40.810771375989184
Scotland,69.51184198597338,39.89591663588278
United Kingdom,71.22872359582107,41.12088726018675
