,First dose,Second dose
Wales,91.02543064837056,81.90610953887132
Scotland,90.49100411399013,72.5011490395653
England,88.88611182608618,72.59765874703731
Northern Ireland,83.92435590194376,72.16947174117423
United Kingdom,88.98681618112873,73.02357717979004
