,First dose,Second dose
Wales,89.61988790855114,67.21598611144142
Scotland,86.6993990714768,62.00467824862464
England,85.53320121663516,63.42254874134932
Northern Ireland,80.56342836220081,60.83187309785115
United Kingdom,85.69002897532803,63.41342513217242
