,First dose,Second dose
Wales,88.8836833218388,61.55877666531904
Scotland,83.028990076538,59.02951148565967
England,82.18399570046516,60.42389475203584
Northern Ireland,78.95271865334401,56.7054059225224
United Kingdom,82.48689619300113,60.25829947328476
