,First dose,Second dose
Wales,94.9937771013183,87.7333190642663
Scotland,93.95413494122195,86.11432481352632
England,92.18429323752926,84.41527742800919
Northern Ireland,89.99313127253156,82.80443672993513
United Kingdom,92.40740773436961,84.67279890414585
