,First dose,Second dose
Wales,81.57570136428134,37.75230485069007
England,70.3064493948758,40.57744511361793
Northern Ireland,69.41606181028823,40.192172954282356
Scotland,69.09230159277857,39.2877262728404
United Kingdom,70.7194516825968,40.322929018125706
