,First dose,Second dose
Wales,82.03480859632016,38.434604073025916
England,71.27073606851603,42.24609713042107
Scotland,69.82960385987084,40.59314347004987
Northern Ireland,69.79177707331644,41.453458521282734
United Kingdom,71.62419810381449,41.90252228291252
