,First dose,Second dose
Wales,91.96274980776396,85.22362798956773
Scotland,91.69696567856029,78.89373312242425
England,89.85256733481773,77.28816451102156
Northern Ireland,86.39675366595961,77.70912109194872
United Kingdom,90.01357857195296,77.81502678969112
