,First dose,Second dose
Scotland,94.10110826501115,86.24165508606183
Wales,93.96620609289162,87.93372018359533
England,92.2824646542573,84.59893935379061
Northern Ireland,90.10834419620059,82.86562208784538
United Kingdom,92.45623690409546,84.84914207129806
