,First dose,Second dose
Wales,87.83526362101358,54.88331074064385
Scotland,79.33149577212076,55.18172866969859
England,78.7358054544079,57.36549839276894
Northern Ireland,76.64281653615167,51.643195073236605
United Kingdom,79.16406170070593,56.90492776500822
