,First dose,Second dose
Wales,84.87823729458489,44.072748460129844
England,74.41475622982631,49.068676230943254
Scotland,73.3206318792965,46.102602129207526
Northern Ireland,72.15260963466353,45.526999329645236
United Kingdom,74.76142859342394,48.48199850577425
