,First dose,Second dose
Wales,93.92696615852934,87.40203889113495
Scotland,93.52092785565085,85.50922411526209
England,91.9146528147989,83.66713776325281
Northern Ireland,89.61480066237108,82.53244062817885
United Kingdom,92.08281715756024,83.96980124686387
