,First dose,Second dose
Wales,91.5954402403545,84.50918373009267
Scotland,91.2229163819439,76.94958975115344
England,89.4929067005776,75.80116824754035
Northern Ireland,85.8182801752558,76.3745369803202
United Kingdom,89.63788633256542,76.3307548228345
