,First dose,Second dose
Wales,81.0963003480067,37.22133701158173
England,69.77332487818998,39.87930613452973
Northern Ireland,69.10504197632147,39.57839227729287
Scotland,68.81569766209351,38.4378654881738
United Kingdom,70.2166213468562,39.62235193593704
