,First dose,Second dose
Wales,91.33277049791117,83.84967537872483
Scotland,90.81420109162141,75.37104167709711
England,89.2274661366335,74.56451203367985
Northern Ireland,84.89120844178994,74.96562195019553
United Kingdom,89.34226671726523,75.08821002800407
