,First dose,Second dose
Wales,90.92277263827123,81.1599166052304
Scotland,90.42594073526806,71.71991489664958
England,88.76975608263922,71.97518952060453
Northern Ireland,83.63976483899785,71.59616011981042
United Kingdom,88.87079374530231,72.38317274668617
