,First dose,Second dose
Wales,93.46785892649052,86.67284992905103
Scotland,92.79260140302354,83.65386913984185
England,91.29581638714411,81.51011152714841
Northern Ireland,88.69344139764151,80.358192437242
United Kingdom,91.45406945470974,81.90608536944991
