,First dose,Second dose
Scotland,96.0981367742727,87.15718816148707
Wales,95.15462119590636,88.38719906141247
England,93.10065543326061,85.56835441874055
Northern Ireland,90.54558894176172,83.90432784890452
United Kingdom,93.38088899578655,85.79122040517085
