,First dose,Second dose
Scotland,94.37175838911645,86.43163564147078
Wales,94.15578650304803,88.05647379644384
England,92.38892960600647,84.8093050616341
Northern Ireland,90.24207102456913,83.01400862513955
United Kingdom,92.581256285308,85.05188564413487
