,First dose,Second dose
Wales,88.33075697400652,58.42100882303979
Scotland,80.99968922933837,57.18818403937812
England,80.21959816772292,58.96219026860413
Northern Ireland,77.94739298068359,54.37657695108338
United Kingdom,80.61109667942091,58.66043893512693
