,First dose,Second dose
Wales,84.34853781699128,42.85325850000397
England,73.83938235372061,47.800721015670895
Scotland,72.52300221598877,45.068714595711725
Northern Ireland,71.62589248720889,45.054447397798434
United Kingdom,74.17087471781078,47.25800955483574
