,First dose,Second dose
Wales,95.26869445963835,87.76455246656678
Scotland,94.00424614660167,86.15388154360555
England,92.23306491664567,84.50954945997925
Northern Ireland,90.05307778180021,82.84208396365493
United Kingdom,92.4674323012134,84.7578835425441
