,First dose,Second dose
Scotland,94.9123820683975,86.71764388027616
Wales,94.2039049680135,88.13309075919365
England,92.69485735085877,85.14985057742862
Northern Ireland,90.42280527639402,83.30968050093533
United Kingdom,92.89113925800127,85.37396072133745
