,First dose,Second dose
Wales,82.91215803784475,39.66428056156706
England,71.67344130170952,43.39380173589495
Scotland,70.1110114299555,41.24657374217943
Northern Ireland,70.05971250452524,41.722495151284065
United Kingdom,72.03570915911253,42.98830683771836
