,First dose,Second dose
Wales,90.20285856976385,73.17030924239182
Scotland,88.89148240311872,65.48188170959045
England,87.14737932539424,66.20394645299785
Northern Ireland,81.64666384943308,64.95544962634948
United Kingdom,87.28881787522754,66.44239611266651
