,First dose,Second dose
Wales,86.82172386184372,51.19816563215931
Scotland,77.18368260076704,52.17913831279044
England,76.81023006980057,54.68954899142052
Northern Ireland,75.61202564141388,50.10454506036635
United Kingdom,77.28814448072903,54.184514610999436
