,First dose,Second dose
Scotland,95.37768107352545,86.87296155419611
Wales,94.55722292246348,88.25846036766629
England,92.86813146023397,85.30008985077127
Northern Ireland,90.46974387492584,83.58539314861642
United Kingdom,93.0941353300439,85.52689740195973
