,First dose,Second dose
Wales,84.34853781699128,42.85325850000397
England,73.44487576901301,46.940292173263806
Scotland,72.07829345861586,44.45071398319132
Northern Ireland,71.4328385738925,44.634202408597055
United Kingdom,73.79659495518356,46.47134353289636
