,First dose,Second dose
Wales,87.71710781865602,54.619214091496424
Scotland,78.87185739370312,54.707927448356365
England,78.45596698834181,57.01882591784141
Northern Ireland,76.64281653615167,51.643195073236605
United Kingdom,78.88455077534059,56.5610713089462
