,First dose,Second dose
Wales,77.23857880092272,33.866877531768495
Northern Ireland,67.58869123900006,34.62492480876995
England,67.16083423609211,34.39466106902378
Scotland,66.05484538370253,33.97758482031908
United Kingdom,67.5622338874324,34.34062290946557
