,First dose,Second dose
Wales,90.48934972690591,76.64328125123863
Scotland,89.85811898502031,67.5460709612556
England,87.87233956511197,68.51232349042921
Northern Ireland,81.69552954585185,68.04431223941162
United Kingdom,87.99447152039625,68.80752769617276
