,First dose,Second dose
Wales,89.30906006484499,64.49784774905467
Scotland,84.91794797545768,60.70571100854326
England,84.2138197584627,61.93543499930067
Northern Ireland,79.83856425701428,58.50146115314785
United Kingdom,84.39645655903992,61.859924717646564
