,First dose,Second dose
Wales,91.13193337931143,82.92321656480138
Scotland,90.62647576597752,73.72091261029765
England,88.97944177031346,73.29981910785736
Northern Ireland,84.19373665656775,73.56420883684501
United Kingdom,89.08918087795796,73.80349976429295
