,First dose,Second dose
Wales,90.92277263827123,81.1599166052304
Scotland,90.38006936184665,71.32529479235873
England,88.70035110051325,71.6523629356656
Northern Ireland,83.43205121675584,71.3275364393563
United Kingdom,88.8028790528994,72.07126028789503
