,First dose,Second dose
Wales,75.15034047579411,32.30528668933863
Northern Ireland,66.64909336926912,33.16652465790571
England,66.51368321447929,32.68321070641828
Scotland,65.02693420908415,32.71882832694878
United Kingdom,66.80593801433068,32.68143923711978
