,First dose,Second dose
Wales,94.21583549351153,87.57909423133329
Scotland,93.76372589215762,85.941732079606
England,92.06894961712491,84.1433552100265
Northern Ireland,89.85479317421928,82.66382740911324
United Kingdom,92.2533737263717,84.41849803106625
