,First dose,Second dose
Wales,93.99101841502375,87.45261480653524
Scotland,93.63116348656717,85.74796273819173
England,91.99671837177054,83.92513425258656
Northern Ireland,89.78658767400661,82.61991710726089
United Kingdom,92.1688662290153,84.21153791134138
