,First dose,Second dose
Scotland,95.75933360666718,87.04823801153685
Wales,94.69741650613966,88.3145060920989
England,93.03841664374893,85.46580014776545
Northern Ireland,90.5362975769497,83.7988192395947
United Kingdom,93.27791108660034,85.68947651465967
