,First dose,Second dose
Wales,93.87952151061857,87.33311137006825
Scotland,93.52092785565085,85.50922411526209
England,91.86919764600965,83.53814629619559
Northern Ireland,89.49876183960764,82.49327924611931
United Kingdom,92.03914618589603,83.85702333090764
