,First dose,Second dose
Wales,93.99101841502375,87.45261480653524
Scotland,93.59557596087447,85.67478053231541
England,91.95751893669787,83.80029746025119
Northern Ireland,89.740062025022,82.58343989725815
United Kingdom,92.13164632728609,84.09946623376531
