,First dose,Second dose
Wales,80.69573592713263,36.75136943407294
England,69.42400461708844,39.27094111380029
Northern Ireland,68.8887940634373,39.03178472664805
Scotland,68.6751742954324,37.65036180651121
United Kingdom,69.88609419097479,39.007239190200494
