,First dose,Second dose
Wales,91.09955052438822,82.57600260014111
Scotland,90.57737941399208,73.28644259605814
England,88.99357760486187,73.05714679396584
Northern Ireland,84.08636977429555,73.14692331939858
United Kingdom,89.09241400688654,73.5348576957192
