,First dose,Second dose
Wales,90.57361649504149,77.67291334712677
Scotland,89.98202130831291,68.29446895879198
England,88.0360933921175,69.12782985253752
Northern Ireland,81.97310046649534,68.93979333251662
United Kingdom,88.15420289769229,69.46177971730076
