,First dose,Second dose
Wales,90.25402902962418,73.79089474977606
Scotland,89.04652944946683,65.73778263103223
England,87.25978824081561,66.48613223120967
Northern Ireland,81.72588133757111,65.39365792085408
United Kingdom,87.40096739090464,66.74288155852686
