,First dose,Second dose
Wales,85.10999072510643,44.32907639499948
England,74.57504217988891,49.41811622981546
Scotland,73.68489659094958,46.80122720582895
Northern Ireland,72.48296927242419,45.90326519206972
United Kingdom,74.94700032177512,48.85711360411993
