,First dose,Second dose
Wales,73.8979127525823,30.620109871816215
England,65.57348416557221,29.533531241041555
Northern Ireland,65.01849325722215,30.068714804654217
Scotland,63.9078215427666,30.401624847941132
United Kingdom,65.81667840028578,29.67341619825691
