,First dose,Second dose
Wales,84.87823729458489,44.072748460129844
England,74.19061390074638,48.663320952372544
Scotland,72.94114436672923,45.61716392227756
Northern Ireland,71.86333847684936,45.297605856175174
United Kingdom,74.53314842797508,48.09417111658547
