,First dose,Second dose
Wales,88.75641117109404,60.81686445179037
Scotland,82.64449595389229,58.69806036708825
England,81.56125311044275,59.947812857455375
Northern Ireland,78.68223669992746,56.242214180412155
United Kingdom,81.91765856613144,59.78201572697947
