,First dose,Second dose
Wales,78.90726691875352,35.33849397924643
England,68.52613399971395,37.6400381236025
Northern Ireland,68.46380015444313,37.59733564952146
Scotland,67.7321950737663,36.07282858584915
United Kingdom,68.95481257126339,37.396691041573085
