,First dose,Second dose
Wales,89.88085329020905,69.94379573037806
Scotland,87.73240706536423,63.347193975469416
England,86.25533971153092,64.48107129970809
Northern Ireland,81.01629636563104,62.78553740565823
United Kingdom,86.40882017316017,64.60050173680536
