,First dose,Second dose
Wales,84.0308925301434,41.95359382307942
England,72.93992125727912,46.09525528239555
Scotland,71.59919244732572,43.80298944236738
Northern Ireland,71.17481393181653,44.03989918525054
United Kingdom,73.30959992677903,45.64721650096359
