,First dose,Second dose
Wales,72.01113615682083,29.838310975016263
Scotland,62.391490967552585,29.68029039809965
Northern Ireland,63.07454821992039,29.169710136992887
England,63.8330085571055,28.749641359162894
United Kingdom,64.08237228763556,28.891505163748864
