,First dose,Second dose
Wales,87.26584857348966,52.973079026849625
Scotland,78.00981836830519,53.5672547854848
England,77.5403503296731,55.824940939344614
Northern Ireland,76.1043303266018,51.164586548030854
United Kingdom,78.00608895190105,55.369734492149014
