,First dose,Second dose
Wales,89.9948869176437,71.27636804680255
Scotland,88.20629849589706,64.13733627595714
England,86.60691917585261,65.07678478240473
Northern Ireland,81.28278647342462,63.790725428469564
United Kingdom,86.75697101421129,65.25917154478995
