,First dose,Second dose
Wales,89.38139630748255,65.11403362743467
Scotland,85.2902413050744,60.918153652412265
England,84.45441586459492,62.17788817047983
Northern Ireland,80.00587764855516,58.8959656205737
United Kingdom,84.63805843070831,62.121946750651325
