,First dose,Second dose
Wales,93.2544571016354,86.42044598761763
Scotland,92.66297079612768,83.2420190801459
England,91.13404839976909,81.04452814993192
Northern Ireland,88.51057357315608,80.08206684001371
United Kingdom,91.29195167514523,81.46046224099348
