,First dose,Second dose
Wales,88.08299047936138,56.76714468041253
Scotland,80.0998751053756,56.23095176559683
England,79.34410269904072,58.15614044770585
Northern Ireland,77.54345949859666,53.19705539442876
United Kingdom,79.77662857099138,57.790751933712016
