,First dose,Second dose
Wales,91.1689140447256,83.22132115706279
Scotland,90.67629379148777,74.11030058153355
England,89.04944544129276,73.62384081129976
Northern Ireland,84.28816445302768,73.87268214860401
United Kingdom,89.15657728251736,74.1313538458752
