,First dose,Second dose
Wales,87.26584857348966,52.973079026849625
Scotland,78.4228636997766,54.18640556518539
England,77.9405433288858,56.39344909686431
Northern Ireland,76.6130841687532,51.606304913686664
United Kingdom,78.39119010906313,55.91177814440156
