,First dose,Second dose
Wales,91.28227385510556,83.68363892918579
Scotland,90.76966030376141,74.95179446377176
England,89.18542914231632,74.35139687551742
Northern Ireland,84.82327824127542,74.62431914943404
United Kingdom,89.29889950404409,74.85646132083322
