,First dose,Second dose
Scotland,95.93217441586165,87.09469574469718
Wales,94.69741650613966,88.3145060920989
England,93.08007183272191,85.53301370276787
Northern Ireland,90.54008294779905,83.8637899683543
United Kingdom,93.32756989657386,85.75166156342989
