,First dose,Second dose
Wales,89.61988790855114,67.21598611144142
Scotland,86.41521756878112,61.73346431707809
England,85.28929989619188,63.10112060320364
Northern Ireland,80.43837347432348,60.38712643551586
United Kingdom,85.45769743164453,63.10821814101237
