,First dose,Second dose
Wales,93.11628496912331,86.20644961830246
Scotland,92.36210059317054,81.85315838162907
England,90.80176930855708,80.01956831461158
Northern Ireland,88.03347919629006,79.53119214404781
United Kingdom,90.96761929301248,80.45678928882421
