,First dose,Second dose
Wales,87.02089625595535,52.096680856461106
Scotland,77.60735006443191,52.889219956618405
England,77.14850734556205,55.26319005865638
Northern Ireland,75.8195327888823,50.66822119229546
United Kingdom,77.62334002418258,54.78492734658096
