,First dose,Second dose
Wales,93.75026754500702,87.07924088563342
Scotland,93.314867512017,85.00682658049885
England,91.71361083864494,82.99526428080198
Northern Ireland,89.25422688274023,82.08356447037156
United Kingdom,91.87811813974608,83.33506570570405
