,First dose,Second dose
Wales,80.0320261282472,36.29392692652223
England,68.99144401334077,38.43926289157273
Northern Ireland,68.54308646750569,38.021021884949505
Scotland,68.11549392463654,36.557973612909656
United Kingdom,69.43415668388275,38.16659908990553
