,First dose,Second dose
Wales,90.86906545538142,80.7260576945944
Scotland,90.33144660811188,70.92735950031324
England,88.61945355160641,71.32317669366196
Northern Ireland,83.21931337502289,70.92456650621283
United Kingdom,88.7223640805793,71.72923777343314
