,First dose,Second dose
Wales,83.73750465726494,41.13252792377147
England,72.47382278172846,45.26261689879942
Scotland,71.16902992193748,43.160790214467845
Northern Ireland,70.945489283271,43.37140269325695
United Kingdom,72.86133030288723,44.83569164743828
