,First dose,Second dose
Wales,90.29957113526282,74.3857959364868
Scotland,89.22927071732995,66.01350702210893
England,87.3727596978388,66.82802875052981
Northern Ireland,81.80275877827499,65.88169546072092
United Kingdom,87.51558684242207,67.0953571604114
