,First dose,Second dose
Wales,76.21588305706834,33.37562526259047
Northern Ireland,66.93891512647956,33.574725285313725
England,66.82320083324836,33.597081000997825
Scotland,65.3559947841046,33.113448431239625
United Kingdom,67.15276940464466,33.54514409569621
