,First dose,Second dose
Wales,91.46091464719733,84.15416141485727
Scotland,90.98544068768271,76.12582197486863
England,89.33872511761581,75.09769980805584
Northern Ireland,85.5579843106702,75.72365966900718
United Kingdom,89.47470729694038,75.63529986739236
