,First dose,Second dose
Wales,90.57361649504149,77.67291334712677
Scotland,90.03614682267444,68.66730354355232
England,88.12523477357463,69.48081905966856
Northern Ireland,82.05176735523709,69.07503430922488
United Kingdom,88.23583797927125,69.79352570393503
