,First dose,Second dose
Wales,88.63036774556669,59.81688030630931
Scotland,81.87812377512833,57.99632307339104
England,81.23994245086453,59.77025303957155
Northern Ireland,78.3074849858427,55.292843171397465
United Kingdom,81.56676060966066,59.499647573758864
