,First dose,Second dose
Wales,91.00188668775317,81.7459788976353
Scotland,90.45861901456382,72.11997010467424
England,88.84413808945915,72.38855593379387
Northern Ireland,83.87913792652526,71.84695814481039
United Kingdom,88.94644288706225,72.79920600580562
