,First dose,Second dose
Scotland,95.25456808065063,86.81858796456041
Wales,94.53788040936368,88.23594695077965
England,92.78862332130751,85.24529739507317
Northern Ireland,90.45549711554742,83.49316774974156
United Kingdom,93.01563845288004,85.47265373798591
