,First dose,Second dose
Wales,90.82332516825609,80.21328291596312
Scotland,90.27465992262758,70.4914912436194
England,88.54598878129384,71.02673308392784
Northern Ireland,82.69053147983223,70.38353377445522
United Kingdom,88.63907161699524,71.40394855220468
