,First dose,Second dose
Wales,74.68952888296987,31.666428848882656
England,66.041256710709,30.799118811339206
Northern Ireland,65.86978874877664,31.643153778281878
Scotland,64.51389198982982,31.57989219099631
United Kingdom,66.32218370881579,30.929669991321813
