,First dose,Second dose
Wales,92.71932745130681,85.87477308219775
Scotland,92.13858477115508,80.89836175599406
England,90.4636275849888,79.16379343083798
Northern Ireland,87.41219660252642,78.99318770896969
United Kingdom,90.62849957017231,79.62654721973409
