,First dose,Second dose
Wales,93.99101841502375,87.45261480653524
Scotland,93.70587924868373,85.85614611002184
England,92.04558041901578,84.0745443983474
Northern Ireland,89.81645769125414,82.63161734443159
United Kingdom,92.21704041959823,84.34652246797737
