,First dose,Second dose
Wales,92.24079843357353,85.48173955781748
Scotland,91.82251431958139,79.53640594857445
England,90.04991551370678,77.96921261774939
Northern Ireland,86.62580301480699,78.24719435195139
United Kingdom,90.20962237262948,78.4686428165789
