,First dose,Second dose
Wales,91.06035022632327,82.2055221289448
Scotland,90.52970385675863,72.87393851973033
England,88.93688967766208,72.81124381946951
Northern Ireland,83.9960026483831,72.69825363636488
United Kingdom,89.03639335602067,73.26336979023182
