,First dose,Second dose
Wales,89.77518292151221,68.59584453058733
Scotland,87.25986877269042,62.56314079534737
England,85.94948200197847,63.990541800534814
Northern Ireland,80.75675757521532,61.75034171575031
United Kingdom,86.09979721655887,64.02917007516862
