,First dose,Second dose
Wales,89.93995100953649,70.67464941695006
Scotland,87.97344602265423,63.73022219876783
England,86.41984133480233,64.770759891814
Northern Ireland,81.15119321771664,63.324298914906244
United Kingdom,86.57389959754475,64.92604915271045
