,First dose,Second dose
Wales,93.11628496912331,86.20644961830246
Scotland,92.54757068904938,82.72275242673999
England,91.02075387668542,80.68951695591886
Northern Ireland,88.30919184397115,79.82011917723932
United Kingdom,91.17485849080693,81.10094513870018
