,First dose,Second dose
Wales,86.54407159900751,49.516357899910425
Scotland,76.36931913260256,50.77106305667528
England,76.36131057553585,53.56716779484121
Northern Ireland,75.06686341418427,48.87402423463243
United Kingdom,76.81400982540858,53.008304964667865
