,First dose,Second dose
Wales,89.81806939522937,69.21036568447921
Scotland,87.4906915391447,62.945063956060906
England,86.09375246041351,64.23448378663605
Northern Ireland,80.87967889043209,62.25950850744893
United Kingdom,86.24590882466309,64.30979351583179
