,First dose,Second dose
Wales,89.10287204610495,63.074111948758194
Scotland,83.66453637663058,59.704885143403295
England,83.06486581360811,61.023412732955194
Northern Ireland,79.33586700822183,57.54892419760462
United Kingdom,83.3016921452604,60.914799306891574
