,First dose,Second dose
Wales,88.33075697400652,58.42100882303979
Scotland,81.44234572762508,57.62806660505378
England,80.66295776286287,59.328248966363695
Northern Ireland,78.13748742224504,54.88058187344198
United Kingdom,81.02617499793492,59.01898401040236
