,First dose,Second dose
Wales,90.73311295552014,79.35828834613585
Scotland,90.17822629787345,69.7340046701298
England,88.34489258426258,70.44568183012993
Northern Ireland,82.38309054194121,69.61441524279368
United Kingdom,88.44916373686902,70.78973569085576
