,First dose,Second dose
Scotland,95.64393349958887,86.99418015406827
Wales,94.69741650613966,88.3145060920989
England,92.9807256303194,85.40930651204258
Northern Ireland,90.51626952391047,83.72992549013671
United Kingdom,93.21916420370778,85.6355517970511
