,First dose,Second dose
Wales,89.48833503769413,65.78650304803126
Scotland,85.6867106977726,61.1671761230706
England,84.71507369532199,62.438789995154686
Northern Ireland,80.16672149718987,59.39122977751655
United Kingdom,84.90003300145635,62.40802645234837
