,First dose,Second dose
Wales,77.7533353944208,34.224714024114725
Northern Ireland,67.86192618939793,35.44586850860518
England,67.38339964132439,35.092562831773876
Scotland,66.4977950618587,34.434855207483395
United Kingdom,67.81874460318545,35.00537358178268
