,First dose,Second dose
Wales,93.11628496912331,86.20644961830246
Scotland,92.42107485152695,82.10987118578628
England,90.88850463858475,80.27993922652969
Northern Ireland,88.18165925881061,79.6424132220939
United Kingdom,91.04955813303454,80.70026686887867
