,First dose,Second dose
Wales,92.09196413707818,85.35744012937288
Scotland,91.7609239946975,79.21884704535583
England,89.94230514592499,77.62155287101466
Northern Ireland,86.4977198302502,77.97492295049699
United Kingdom,90.10334678584553,78.13629500852926
