,First dose,Second dose
Wales,91.53665961140575,84.34290946276963
Scotland,91.09382703019166,76.54024299649672
England,89.4136493332086,75.4274395548484
Northern Ireland,85.67409195835816,76.04500324165394
United Kingdom,89.55362374045374,75.96518343507248
