,First dose,Second dose
Wales,93.75026754500702,87.07924088563342
Scotland,93.38040448898974,85.19042483567269
England,91.76766227568682,83.18970938355314
Northern Ireland,89.28161920270455,82.23676875238306
United Kingdom,91.92981213128827,83.51814661482193
