,First dose,Second dose
Wales,91.74665271469,84.98493820701245
Scotland,91.52809407375233,78.20724118193885
England,89.71143490965548,76.74842730651037
Northern Ireland,86.11250672763637,77.09678573837444
United Kingdom,89.86257265593454,77.27535245329462
