,First dose,Second dose
Wales,93.46785892649052,86.67284992905103
Scotland,92.95971392861476,84.0472037631666
England,91.43950397114835,81.99459539850459
Northern Ireland,88.85366582195543,80.60293386888301
United Kingdom,91.59330283256837,82.35307730939049
