,First dose,Second dose
Wales,86.62223437735341,50.36211721245848
Scotland,76.76499919488298,51.46892135517659
England,76.56382329298614,54.11865511530035
Northern Ireland,75.32736575354345,49.540180679191884
United Kingdom,77.02842721491116,53.58937208440544
