,First dose,Second dose
Wales,90.46628140185656,76.30320182009878
Scotland,89.80212162995377,67.1775664176442
England,87.80124469897731,68.25806372322158
Northern Ireland,81.61734443158183,67.62475549945559
United Kingdom,87.92675237249108,68.53498043311511
