,First dose,Second dose
Wales,93.46785892649052,86.67284992905103
Scotland,92.85112461542695,83.84012856613845
England,91.36272043130539,81.73178906551516
Northern Ireland,88.78828214364863,80.48957921817639
United Kingdom,91.517834047384,82.1116728807101
