,First dose,Second dose
Wales,89.9948869176437,71.27636804680255
Scotland,88.40827687365616,64.52460433121387
England,86.78303536287876,65.40121314242676
Northern Ireland,81.40419364030167,64.21110806752
United Kingdom,86.92531963883955,65.57599729639799
