,First dose,Second dose
Wales,78.31418900172021,34.79099780414913
Northern Ireland,68.10701174566162,36.21505586519124
England,67.71535340727269,36.00194634875822
Scotland,66.9390307653934,34.986258885041465
United Kingdom,68.16846549568926,35.86432082374429
