,First dose,Second dose
Wales,94.69908123062775,87.69122531649583
Scotland,93.89051490954951,86.05747047114906
England,92.142583827679,84.32564128104684
Northern Ireland,89.94192552867865,82.74896384076115
United Kingdom,92.35147441405613,84.58914193043009
