,First dose,Second dose
Wales,91.5954402403545,84.50918373009267
Scotland,91.33705356035378,77.3783314817897
England,89.56627658435494,76.12579315824253
Northern Ireland,85.92220581130134,76.66711173451198
United Kingdom,89.71201668210995,76.6477115702711
