,First dose,Second dose
Wales,88.69453891095309,60.152203381768885
Scotland,82.25808488594627,58.34211745326826
England,81.56125311044275,59.947812857455375
Northern Ireland,78.51808925491514,55.77606296654696
United Kingdom,81.87763839125503,59.707357597140096
