,First dose,Second dose
Wales,91.38394095777149,83.97770061911896
Scotland,90.8740097849909,75.72617270820169
England,89.27475803764072,74.81818892645667
Northern Ireland,85.39872343529976,75.36239764013098
United Kingdom,89.40349302844946,75.34835635262277
