,First dose,Second dose
Wales,83.4470498703893,40.398503333412606
England,72.11893810309572,44.52280239790926
Scotland,70.77736416863887,42.42569807254533
Northern Ireland,70.6448620129088,42.72403545309513
United Kingdom,72.50793203473181,44.099102103331674
