,First dose,Second dose
Wales,80.37460264611921,36.36356790094097
England,69.22983513713014,38.79550986974722
Northern Ireland,68.66008883921259,38.488756072078964
Scotland,68.46403968482713,36.952751583284055
United Kingdom,69.68346262906387,38.515437184434134
