,First dose,Second dose
Scotland,94.58911743387328,86.60648360515619
Wales,94.2039049680135,88.13309075919365
England,92.58028411875249,85.01239613510876
Northern Ireland,90.39431175763715,83.18627741124682
United Kingdom,92.76686028799375,85.2456911247839
