,First dose,Second dose
Wales,89.10287204610495,63.074111948758194
Scotland,84.12234801893852,60.14307628675517
England,83.46590827323156,61.3247339624416
Northern Ireland,79.51260941442378,57.92759893238777
United Kingdom,83.68211732088926,61.21534360595027
