,First dose,Second dose
Wales,83.20701245372463,39.78223818243795
England,71.90322034282369,43.89096651492578
Scotland,70.40703288891775,41.77089211025908
Northern Ireland,70.34079349631993,42.12525860965394
United Kingdom,72.27559669406777,43.466990275724
