,First dose,Second dose
Wales,93.2544571016354,86.42044598761763
Scotland,92.60893549095675,83.0096176528561
England,91.05583930269422,80.80730503420739
Northern Ireland,88.40169254254413,79.93553857568195
United Kingdom,91.21867754471215,81.2375092392402
