,First dose,Second dose
Wales,76.69635425337107,33.539442079478704
Northern Ireland,67.21318245074545,33.96874797826784
England,66.98888627900712,33.95926064682841
Scotland,65.60815202413637,33.496837491300454
United Kingdom,67.34380688648109,33.90048641788736
