,First dose,Second dose
Wales,93.11628496912331,86.20644961830246
Scotland,92.49398642983145,82.43512042250376
England,90.97433402812116,80.54332391554348
Northern Ireland,88.26177147096759,79.72328250842074
United Kingdom,91.13003133856873,80.9512093126719
