,First dose,Second dose
Wales,92.88254972373501,85.98531871546687
Scotland,92.2139545499035,81.26560337093703
England,90.56742667693821,79.41054586574509
Northern Ireland,87.55019057621604,79.1571286792084
United Kingdom,90.73369491599304,79.87463433416234
