,First dose,Second dose
Wales,91.69968370234726,84.86285841121865
Scotland,91.44600371030401,77.80319421723004
England,89.65534115290258,76.5182574232391
Northern Ireland,86.00218037360922,76.85548555296009
United Kingdom,89.80323154558769,77.03541555759237
