,First dose,Second dose
Wales,75.15034047579411,32.30528668933863
Northern Ireland,66.30008217695989,32.58873941644723
England,66.27077820265609,31.74624909572567
Scotland,64.8746836476447,32.119162732418346
United Kingdom,66.57937218559496,31.827657787180875
