,First dose,Second dose
Wales,90.53187947394706,77.15308330756973
Scotland,89.91767960311564,67.89380483873077
England,87.94837756789228,68.79735134629196
Northern Ireland,81.81005422027555,68.5147305985979
United Kingdom,88.06857908805755,69.11371430831174
