,First dose,Second dose
Wales,90.11553980673341,72.34286189921282
Scotland,88.59464906144103,64.89031238991659
England,86.9686289074134,65.79599760913042
Northern Ireland,81.52209073602751,64.59060870139756
United Kingdom,87.10600085625708,66.00008584972997
