,First dose,Second dose
Wales,93.38307688648956,86.55203849477198
Scotland,92.72406497046326,83.42658708411872
England,91.21951179838382,81.27516116986332
Northern Ireland,88.62124405180589,80.20319870719261
United Kingdom,91.37812604695806,81.67945309355477
