,First dose,Second dose
Wales,91.8241416759812,85.07499187455905
Scotland,91.60037418772262,78.53134025147615
England,89.77693372941383,77.01500876808066
Northern Ireland,86.22014890960672,77.35481038045042
United Kingdom,89.9303791343921,77.5380845216601
