,First dose,Second dose
Scotland,94.19715850070521,86.31012386172915
Wales,93.96620609289162,87.93372018359533
England,92.32224244535433,84.6961957932145
Northern Ireland,90.15473219533615,82.89535445524385
United Kingdom,92.49902887476502,84.9374541431541
