,First dose,Second dose
Wales,91.1689140447256,83.22132115706279
Scotland,90.72595395091447,74.54267323209156
England,89.11051622273963,73.93374023541304
Northern Ireland,84.73077754270243,74.3188741343545
United Kingdom,89.22428693797117,74.44047932095104
