,First dose,Second dose
Wales,74.2448096268639,31.039977169492733
England,65.7977349364067,30.011666751349136
Northern Ireland,65.43722409808377,30.717183243608577
Scotland,64.20264772995338,30.984195800852387
United Kingdom,66.05810940782993,30.16225086373239
