,First dose,Second dose
Wales,89.27164340016013,64.15039596661039
Scotland,84.51496096873845,60.42565657631766
England,83.94640691010741,61.71404889814931
Northern Ireland,79.66423072317102,58.20014563354031
United Kingdom,84.13121468653847,61.625356752425844
