,First dose,Second dose
Scotland,94.7134256985236,86.66847987139778
Wales,94.2039049680135,88.13309075919365
England,92.65252891932619,85.08015641729047
Northern Ireland,90.41475276022359,83.2479445436288
United Kingdom,92.838598539799,85.30955254046191
