,First dose,Second dose
Wales,94.4149286150285,87.64481121231579
Scotland,93.83638939518796,86.00424704869357
England,92.10434907238132,84.23697207306272
Northern Ireland,89.90778836611005,82.70395234011626
United Kingdom,92.30023606017858,84.50668480256451
