,First dose,Second dose
Wales,89.01852600537468,62.29676488541146
Scotland,83.33757316529166,59.34711549347359
England,82.60762567388362,60.71462709602944
Northern Ireland,79.16256584824654,57.15951277459425
United Kingdom,82.88111200194604,60.57722305664034
