,First dose,Second dose
Wales,92.57346587711163,85.81730045106106
Scotland,92.07422051366015,80.5577544045765
England,90.37783660190713,78.90849217094586
Northern Ireland,87.28191102038456,78.87446471414944
United Kingdom,90.54040772318751,79.37730772171238
