,First dose,Second dose
Wales,89.56304945817182,66.49932221931556
Scotland,86.06522846154088,61.40370462083048
England,84.98730090573943,62.75280342833185
Northern Ireland,80.3078125924835,59.96137545235182
United Kingdom,85.1681302033228,62.74168421868382
