,First dose,Second dose
Wales,78.90726691875352,35.33849397924643
Northern Ireland,68.32126373573432,36.98259142358851
England,68.10804811099773,36.85739364806489
Scotland,67.33117011694269,35.53712130745593
United Kingdom,68.56578913320497,36.67695249709659
