,First dose,Second dose
Scotland,94.48738401917126,86.54870461857524
Wales,94.18824863056592,88.10475080659866
England,92.51546983756984,84.9439016118805
Northern Ireland,90.34083479127464,83.1268126764499
United Kingdom,92.70160538045812,85.18027104859483
