,First dose,Second dose
Wales,90.77556342996662,79.79293998271856
Scotland,90.2240300144019,70.11346963039942
England,88.47996130798197,70.75895198544767
Northern Ireland,82.49988643887451,69.97368134885839
United Kingdom,88.57177773091038,71.11566090632445
